<?xml version="1.0" encoding="UTF-8"?>
<project-private xmlns="http://www.netbeans.org/ns/project-private/1">
    <editor-bookmarks xmlns="http://www.netbeans.org/ns/editor-bookmarks/2" lastBookmarkId="0"/>
    <open-files xmlns="http://www.netbeans.org/ns/projectui-open-files/2">
        <group>
            <file>file:/E:/netbeans/a2/web/adminHome1.jsp</file>
            <file>file:/E:/netbeans/a2/web/LargeUpload.jsp</file>
            <file>file:/E:/netbeans/a2/web/adminchangepassword.jsp</file>
            <file>file:/E:/netbeans/a2/web/adminchangepass.jsp</file>
            <file>file:/E:/netbeans/a2/web/changepassaction.jsp</file>
            <file>file:/E:/netbeans/a2/web/c_statusaction.jsp</file>
            <file>file:/E:/netbeans/a2/web/deletemissing.jsp</file>
            <file>file:/E:/netbeans/a2/web/viewadminmissing.jsp</file>
            <file>file:/E:/netbeans/a2/web/adminLoginAction.jsp</file>
            <file>file:/E:/netbeans/a2/web/profile.jsp</file>
            <file>file:/E:/netbeans/a2/web/missingperson.jsp</file>
            <file>file:/E:/netbeans/a2/web/adminRight.jsp</file>
            <file>file:/E:/netbeans/a2/web/adminLoggedOut.jsp</file>
            <file>file:/E:/netbeans/a2/web/adminchangepassaction.jsp</file>
            <file>file:/E:/netbeans/a2/web/userRight.jsp</file>
            <file>file:/E:/netbeans/a2/web/umLargeUpload.jsp</file>
            <file>file:/E:/netbeans/a2/web/header.jsp</file>
            <file>file:/E:/netbeans/a2/web/changeusernameaction.jsp</file>
            <file>file:/E:/netbeans/a2/web/adminHeader.jsp</file>
            <file>file:/E:/netbeans/a2/web/changeusername.jsp</file>
            <file>file:/E:/netbeans/a2/web/changepassword.jsp</file>
            <file>file:/E:/netbeans/a2/web/viewcomplaintreply.jsp</file>
            <file>file:/E:/netbeans/a2/web/login.jsp</file>
            <file>file:/E:/netbeans/a2/web/beforeLoginHeader.jsp</file>
            <file>file:/E:/netbeans/a2/web/index.jsp</file>
            <file>file:/E:/netbeans/a2/web/criminalregister.jsp</file>
            <file>file:/E:/netbeans/a2/web/adminLogin.jsp</file>
            <file>file:/E:/netbeans/a2/web/chargesheet.jsp</file>
        </group>
    </open-files>
</project-private>
